ID,TIPID,FY21allocation,FY22allocation,FY23allocation,FY24allocation,FY25allocation
29,1116,1.0,1.0,1.0,1.0,1.0
30,1117,0.15,0.15,0.15,0.15,0.15
31,1118,1.0,1.0,1.0,1.0,1.0
32,1264,0.0,0.0,0.0,0.0,0.0
33,1265,2.5,2.5,2.5,2.5,2.5
34,1267,0.0,0.0,0.0,0.0,0.0
35,1268,0.0,0.0,0.0,0.0,0.0
36,1269,0.0,0.0,0.0,0.0,0.0
37,1270,0.1,4.2,4.2,0.0,0.0
38,1271,0.0,0.0,0.0,0.0,0.0
39,1272,0.0,0.2,1.9,0.0,0.0
40,1273,0.0,0.0,0.0,0.0,0.0
41,1274,0.0,0.0,0.5,6.8,11.2
42,1275,0.0,0.0,0.0,0.5,15.5
43,1276,0.0,0.0,0.0,0.9,9.1
44,1277,0.0,0.0,0.0,0.0,0.0
45,1279,3.3,5.9,0.0,0.0,0.0
46,1280,0.0,0.0,0.0,0.9,9.6
47,1281,0.0,0.0,0.2,2.2,0.0
48,1283,0.0,0.0,0.0,0.7,7.3
49,1284,0.0,0.0,0.0,0.0,0.0
50,1285,0.0,0.0,0.6,3.2,3.2
51,1286,0.0,0.0,0.0,0.0,0.0
52,1287,0.0,0.0,0.0,0.5,5.0
53,1289,0.0,0.3,5.4,0.0,0.0
54,1290,1.4,0.0,0.0,0.0,0.0
55,1291,0.0,0.0,0.0,0.0,0.0
56,1292,0.0,4.5,0.4,0.0,0.0
57,1293,0.0,0.8,8.0,0.0,0.0
58,1294,0.0,0.0,0.0,0.1,2.2
59,1295,0.2,2.5,0.0,0.0,0.0
60,1296,0.0,0.0,0.0,0.0,0.0
61,1297,0.0,0.0,0.2,2.0,0.0
62,1298,0.0,0.0,0.4,3.8,0.0
63,1299,0.25,1.3,0.0,0.0,0.0
64,1300,0.0,0.0,0.0,0.0,0.0
65,1301,0.0,0.0,0.5,2.3,3.3
66,1302,0.0,0.0,0.0,0.0,0.0
67,1304,0.0,0.0,0.0,0.1,1.4
68,1305,0.0,0.0,0.0,0.0,0.0
69,1306,0.0,0.3,2.7,0.0,0.0
70,1307,0.0,0.2,1.7,0.0,0.0
71,1308,1.9,0.0,0.0,0.0,0.0
72,1309,0.5,0.0,0.0,0.0,0.0
73,1311,0.0,0.0,0.0,0.1,0.35
74,1313,0.0,0.0,0.0,0.3,2.9
75,1314,0.0,0.0,0.0,0.0,0.0
76,1315,0.0,0.0,0.0,0.3,3.5
77,1316,0.0,0.0,0.0,0.0,0.0
78,1317,0.0,0.0,2.1,0.0,0.0
79,1318,0.0,0.35,3.75,0.0,0.0
80,1319,0.0,0.1,0.4,0.0,0.0
81,1321,0.0,0.0,0.2,1.7,0.0
82,1322,0.0,0.0,0.2,1.9,0.0
83,1323,0.0,0.0,0.0,0.0,0.0
84,1324,0.0,0.0,0.1,1.6,0.0
85,1325,0.0,0.0,0.0,0.0,0.0
86,1326,0.0,0.0,0.4,2.4,2.0
87,1327,0.0,0.0,0.0,0.0,0.0
88,1328,0.0,0.0,0.0,0.0,0.0
89,1329,0.0,0.0,0.0,0.0,0.0
90,1330,0.0,0.0,0.0,0.0,0.0
91,1331,0.0,0.2,1.7,0.0,0.0
92,1332,0.0,0.0,0.0,0.05,0.55
93,1333,0.0,0.0,0.0,0.05,0.65
94,1334,1.3,0.0,0.0,0.0,0.0
95,1335,0.0,0.0,0.0,0.0,0.0
96,1336,0.0,0.1,1.3,0.0,0.0
97,1337,0.0,0.15,1.3,0.0,0.0
98,1338,0.0,0.0,0.0,0.0,0.0
99,1339,5.7,0.0,0.0,0.0,0.0
100,1340,0.0,0.0,0.2,2.0,0.0
101,1341,0.0,0.0,0.0,0.2,1.9
102,1342,0.0,0.1,0.6,0.0,0.0
103,1343,0.0,0.0,0.0,0.0,0.0
104,1346,0.0,0.1,1.0,0.0,0.0
105,1347,0.4,2.6,0.0,0.0,0.0
106,1348,0.2,1.3,0.0,0.0,0.0
107,1349,0.0,0.0,0.0,0.05,0.35
108,1350,0.0,0.0,0.0,0.2,1.9
109,1351,0.0,0.0,0.2,1.6,0.0
110,1352,2.5,0.0,0.0,0.0,0.0
111,1353,0.0,0.0,0.0,0.0,0.0
112,1354,0.0,0.0,0.1,1.2,0.0
113,1355,0.0,0.0,0.1,0.0,0.7
114,1357,0.0,0.0,0.0,0.1,1.5
115,1358,0.0,0.0,0.0,0.0,0.0
116,1359,0.0,0.0,0.0,0.1,1.6
117,1360,0.0,0.0,0.0,0.0,0.0
118,1361,0.0,0.0,0.0,0.0,0.0
119,1362,0.0,0.4,3.0,1.0,0.0
120,1364,0.0,0.0,0.0,0.0,0.0
121,1365,0.0,0.0,0.4,4.2,0.0
122,1366,0.0,0.0,0.0,0.0,0.0
123,1367,0.0,0.0,0.0,0.1,0.9
124,1368,0.0,0.0,0.0,0.0,0.0
125,1369,0.0,0.0,0.0,0.2,1.4
126,1370,0.0,0.0,0.0,0.2,1.9
127,1371,0.0,0.1,1.3,0.0,0.0
128,1372,0.0,0.0,0.1,1.25,0.0
129,1373,0.0,0.0,0.0,0.0,0.0
130,1375,0.0,0.2,2.6,0.0,0.0
131,1376,0.0,0.24,1.3,1.2,0.0
132,1377,0.0,0.1,0.9,0.0,0.0
133,1378,0.0,0.0,0.0,0.0,0.0
134,1379,4.6,9.5,0.6,0.0,0.0
135,1380,0.3,3.6,0.0,0.0,0.0
136,1381,0.0,0.0,0.0,0.0,0.0
137,1384,0.0,0.0,0.0,0.0,0.0
138,1386,0.0,0.2,2.5,0.0,0.0
139,1387,0.0,0.0,0.0,0.1,1.1
140,1388,0.0,0.0,0.0,0.0,0.0
141,1389,0.0,0.0,0.0,0.0,0.0
142,1390,0.0,0.0,0.0,0.0,0.0
143,1391,0.0,0.0,0.0,0.0,0.0
144,1392,0.0,0.0,0.4,4.4,0.0
145,1393,0.0,0.0,0.0,0.0,0.0
146,1394,0.0,0.0,0.0,0.4,4.3
147,1395,0.0,0.0,0.0,0.0,0.0
148,1397,0.3,6.3,0.0,0.0,0.0
149,1398,0.0,0.0,0.0,0.0,0.0
150,1399,4.3,0.0,0.0,0.0,0.0
151,1400,0.0,0.0,0.1,1.3,0.0
152,1401,0.0,0.0,0.0,0.0,0.0
153,1402,0.0,0.3,2.5,0.0,0.0
154,1403,4.1,0.0,0.0,0.0,0.0
155,1404,1.6,0.0,0.0,0.0,0.0
156,1405,0.0,0.0,0.3,3.3,0.0
157,1406,0.0,0.0,0.0,0.1,1.1
158,1407,0.0,0.0,0.0,0.15,1.25
159,1408,0.0,0.0,0.1,0.6,0.0
160,1409,0.0,0.0,0.6,3.4,3.2
161,1410,0.0,0.0,0.4,4.0,0.0
162,1411,0.4,3.6,0.0,0.0,0.0
163,1412,0.0,0.0,0.0,0.2,2.5
164,1413,0.0,0.0,0.0,0.5,4.2
165,1414,3.2,0.0,0.0,0.0,0.0
166,1415,0.0,0.0,0.0,0.0,0.0
167,1416,1.3,0.0,0.0,0.0,0.0
168,1417,0.0,1.3,0.15,0.5,0.0
169,1418,0.0,0.0,0.0,0.0,0.0
170,1419,0.0,0.0,0.0,0.0,0.0
171,1420,0.0,0.0,0.0,0.2,1.8
172,1421,0.0,0.0,0.0,0.0,0.0
173,1423,0.0,0.0,0.5,4.4,1.1
174,1424,0.0,0.0,0.0,0.0,0.0
175,1425,0.0,0.0,0.0,0.0,0.0
176,1427,9.0,9.0,9.0,9.0,9.0
177,1430,0.0,0.0,0.0,0.0,0.0
178,1431,0.4,0.4,0.4,0.4,0.4
179,1439,0.0,0.0,0.0,0.0,0.0
180,1444,0.0,0.0,0.0,0.0,0.0
181,1445,0.3,0.3,0.3,0.3,0.3
182,1446,0.5,0.5,0.5,0.5,0.5
183,1450,0.0,0.0,0.0,0.0,0.0
184,1451,0.0,0.0,0.0,0.0,0.0
186,1453,0.0,0.0,0.0,0.0,0.0
187,1454,0.0,0.0,0.0,0.0,0.0
188,1455,0.0,0.0,0.0,0.0,0.0
189,1456,0.0,0.0,0.0,0.0,0.0
190,1457,0.0,0.0,0.0,0.0,0.0
191,1458,0.0,0.0,0.0,0.0,0.0
192,1459,0.0,0.0,0.0,0.0,0.0
193,1460,1.0,1.0,1.13,0.0,0.0
195,1462,0.0,0.0,0.0,0.0,0.0
199,1466,0.0,0.0,0.0,0.0,0.0
200,1467,0.0,0.0,0.0,0.0,0.0
201,1468,0.0,0.0,0.0,0.0,0.0
202,1469,0.0,0.0,0.0,0.0,0.0
203,1470,0.0,0.0,0.0,0.0,0.0
209,1476,0.0,0.0,0.0,0.0,0.0
211,1478,0.0,0.0,0.0,0.0,0.0
213,1484,0.0,0.0,0.0,0.0,0.0
214,1485,0.0,0.0,0.0,0.0,0.0
218,1491,0.0,0.0,0.0,0.0,0.0
225,1498,0.0,0.0,0.0,0.0,0.0
233,1506,0.0,0.0,0.0,0.0,0.0
236,1509,0.0,0.0,0.0,0.0,0.0
237,1510,1.45,0.0,0.0,0.0,0.0
239,1512,3.8,0.0,0.0,0.0,0.0
241,1514,0.0,0.0,0.0,0.0,0.0
248,1521,1.2,0.0,0.0,0.0,0.0
249,1522,1.8,0.6,0.0,0.0,0.0
252,1525,1.2,0.2,0.0,0.0,0.0
253,1526,0.1,1.2,0.0,0.0,0.0
255,1528,0.2,3.8,0.0,0.0,0.0
258,1531,0.1,1.8,0.0,0.0,0.0
259,1532,0.1,1.8,0.0,0.0,0.0
262,1535,0.1,0.6,0.6,0.0,0.0
263,1536,0.1,0.1,0.1,1.1,0.0
264,1537,0.1,0.1,1.3,1.3,0.0
265,1538,0.0,0.0,0.4688,0.4688,0.0
267,1540,0.2,0.2,0.0,1.9,0.0
268,1541,0.5,0.5,1.4,5.4,0.0
269,1542,0.3,0.3,1.3,1.3,0.0
271,1544,0.33,0.6,4.4,5.0,0.0
303,1576,0.0,0.0,0.0,0.7,6.9
304,1578,0.0,0.0,0.0,0.85,4.4
305,1579,0.0,0.0,0.6,6.4,0.0
306,5001,0.021,0.0,0.0,0.0,0.0
307,5002,0.024,0.0,0.0,0.0,0.0
308,5004,0.0,0.0,0.0,0.0,0.0
309,5005,0.0,0.17,0.0,0.62,9.61
310,5007,0.0,0.0,0.0,0.0,0.82
311,5008,0.0,0.0,0.0,0.0,0.0
312,5009,0.0,0.0,0.0,0.0,0.0
313,5010,0.0,0.0,0.0,0.0,0.0
314,5011,0.0,0.0,0.0,0.0,0.0
315,5014,0.0,0.0,0.0,0.0,0.0
316,5015,0.0,0.0,0.0,0.0,0.0
317,5018,0.0,0.0,0.0,0.0,0.0
318,5019,0.0,0.0,0.0,0.0,0.0
319,5021,0.0245,0.0,0.0,0.0,0.0
320,5022,0.0,0.0,0.0,0.0,0.0
321,5024,0.5,0.0,,1.0,0.0
322,5025,0.0,0.0,0.0,0.0,0.0
323,5026,0.0,0.0,0.0,0.0,0.0
324,5027,0.0,0.0,0.0,0.0,0.0
325,5028,0.0,0.0,0.0,0.0,0.0
326,5029,0.0,0.0,0.0,0.0,0.0
327,5030,0.0,0.0,0.0,0.0,0.0
328,5031,0.0,0.0,0.0,0.0,0.0
329,5032,0.0,0.0,0.0,0.0,0.0
330,5034,0.0,0.0,0.0,0.0,0.0
331,5035,0.0,0.0,0.0,0.0,0.0
332,5036,0.0,0.3,0.2,0.0,0.0
333,5038,0.0,0.0,0.0,0.0,0.0
334,5039,0.016,0.0,0.0,0.0,0.0
335,5040,0.0085,0.0,0.0,0.0,0.0
336,5041,0.0,0.0,0.0,0.0,0.0
337,5044,0.0,0.0,0.0,0.0,0.0
338,5045,0.0,0.0,0.0,0.0,2.5
339,5046,0.0,0.0,0.0,0.0,0.0
340,5048,0.0,0.0,0.0,0.0,0.0
341,5049,0.0,0.0,0.0,0.0,0.0
342,5050,0.0,0.0,0.0,0.0,0.0
343,5052,0.0,0.0,0.0,0.0,0.0
344,5056,0.0,0.0,0.0,0.0,0.0
345,5057,0.0,0.0,0.0,0.0,0.0
346,5058,0.0,0.0,0.0,0.0,0.0
347,5060,0.0,0.8,0.0,0.0,0.0
348,5061,0.0,0.0,0.0,0.0,0.0
349,5067,0.0,0.0,0.0,0.0,0.0
350,5069,0.3,0.2,0.0,0.0,0.0
351,5070,0.0,0.0,0.0,0.0,0.0
352,5071,0.0,0.0,0.0,0.0,0.0
353,5072,0.28,0.36,0.0,0.0,0.0
354,5078,0.0,0.0,0.0,0.0,0.0
355,5083,0.0,0.0,0.0,0.0,0.0
356,5085,0.0,0.0,0.0,0.0,0.0
357,5088,0.04,0.0,0.0,0.0,0.0
358,5089,2.25,1.89,0.92,0.0,0.0
359,5090,0.0,0.0,0.0,0.0,0.0
360,5091,0.0,0.0,0.0,0.0,0.0
361,5092,0.0,0.0,0.0,0.0,0.0
362,5095,0.0,0.0,0.0,0.0,0.0
363,5096,0.0,0.0,0.0,0.0,0.0
364,5097,0.0,0.0,0.0,0.0,0.0
365,5098,0.0,0.0,0.0,0.0,0.0
366,5099,0.0,0.0,0.0,0.0,0.0
367,5100,0.0,0.0,0.0,0.0,0.0
368,5101,0.0,0.0,0.0,0.0,0.0
369,5102,0.0,0.0,0.0,0.0,0.0
370,5103,0.0,0.0,0.0,0.0,0.0
371,5104,0.0,0.0,0.0,0.0,0.0
372,5105,1.7,1.7,1.99,1.15,1.96
373,5106,0.0,0.0,0.0,0.0,0.0
374,5107,0.0,0.0,0.0,0.0,0.0
375,5108,1.9,0.0,0.0,0.0,0.0
376,5109,0.23,0.0,0.0,0.0,0.0
377,5112,0.0,0.0,0.0,0.0,0.0
378,5114,0.0,0.0,0.0,0.0,0.0
379,5115,0.0,0.0,0.0,0.0,0.0
380,5120,0.0,0.0,0.0,0.0,0.0
381,5121,0.0,0.0,0.0,0.0,0.0
382,5122,0.0,0.0,0.0,0.0,0.0
383,5125,0.0,0.0,0.0,0.0,0.0
384,5126,0.0,0.0,0.0,0.0,0.0
385,5128,1.4,,0.0,0.0,0.0
386,5129,0.0,0.0,0.0,0.0,0.0
387,5130,0.0,0.0,0.0,0.0,0.0
388,5133,0.0,0.0,0.0,0.0,0.0
389,5134,0.0,0.0,0.0,0.0,0.0
390,5135,0.0,0.0,0.5,0.0,0.0
391,5136,0.0,0.0,0.3,0.2,0.0
392,5137,0.0,0.0,0.0,0.5,0.0
393,5138,0.0,0.0,0.0,0.3,0.2
394,5139,0.0,0.0,0.0,0.0,0.5
395,5140,0.0,0.0,0.0,0.0,0.3
396,5141,0.0,0.0,0.0,0.0,0.0
397,5142,0.0,0.0,0.0,0.0,0.0
398,5143,0.0,0.0,0.0,0.0,0.0
399,5144,0.0,0.0,0.0,0.0,0.0
400,5145,0.0,0.0,0.0,0.0,0.0
401,5146,0.0,0.0,0.0,0.0,0.0
402,5147,0.0,0.0,0.0,0.0,0.0
403,5148,0.0,0.0,0.0,0.0,0.0
404,5149,0.0,0.0,0.0,0.0,0.0
405,5151,0.0,0.0,0.0,0.0,0.0
406,5155,0.0,0.0,0.0,0.0,0.0
407,5156,0.0,0.0,0.0,0.0,0.0
408,5157,0.0,0.0,0.0,0.5,0.0
409,5158,0.0,0.0,0.0,0.0,0.0
410,5159,0.0,0.0,0.0,0.0,0.0
411,5161,0.0,0.0,0.0,2.16,0.0
412,5162,0.0,0.0,0.16,0.0,0.0
413,5164,2.0,0.0,0.0,0.0,0.0
414,5165,0.0,0.0,0.0,0.0,0.0
415,5166,0.0,0.0,0.0,0.0,0.0
416,5167,0.0,0.0,0.0,0.0,0.0
417,5168,0.0,0.0,0.0,0.0,0.0
418,5170,0.0,0.0,0.0,0.0,0.0
419,5171,0.0,0.08,0.0,0.0,0.0
420,5174,0.0,0.0,0.0,0.0,0.0
421,5175,0.2,0.0,0.0,0.0,0.0
422,5176,0.5,0.0,0.0,0.0,0.0
423,5178,1.88,0.0,0.0,0.0,0.0
424,5179,0.0,0.0,0.0,0.0,0.0
425,5180,0.0,0.0,0.0,0.0,0.0
426,5181,0.0,0.0,0.0,0.0,0.0
427,5182,0.0,0.0,0.48,0.0,0.0
428,5183,0.0,0.0,0.0,0.0,0.0
430,5185,0.0,0.0,0.0,0.0,0.0
431,5186,0.0,0.0,0.0,0.0,0.0
432,5191,0.0,0.0,0.0,0.0,0.0
433,5193,0.0,0.0,0.0,0.0,0.0
434,5194,0.0,0.0,0.0,0.0,0.0
435,5195,0.0,0.0,0.0,0.0,0.0
436,5196,0.0,0.0,0.0,0.0,0.0
437,5199,0.0,0.0,0.5,0.55,0.75
438,5200,0.0,0.0,0.0,0.0,0.05
439,5201,0.0,0.0,0.0,0.0,0.0
440,5202,0.0,1.0,1.0,1.0,1.05
441,5204,0.0,0.0,0.0,0.0,0.0
442,5205,0.0,0.0,0.0,0.0,0.0
443,5209,0.0,0.0,0.0,0.0,0.0
444,5212,0.0,0.0,0.0,0.0,0.0
445,5214,0.0,0.0,0.0,0.0,0.0
446,5215,0.0,0.86,0.0,0.85,0.0
447,5217,0.0,0.0,0.0,0.0,0.0
448,5218,0.0,0.0,0.0,0.0,0.0
449,5219,0.6,0.0,0.0,0.0,0.0
450,5220,0.0,0.0,0.0,0.0,0.0
451,5221,0.0,0.0,0.0,0.0,0.0
452,5222,0.0,0.0,0.0,0.0,0.0
453,5224,0.0135,0.0,0.0,0.0,0.0
454,5226,0.0,0.0,0.0,0.0,0.0
455,5227,0.0,0.0,0.0,0.0,0.0
456,5229,0.0,0.0,0.0,0.0,0.0
457,5230,0.0,0.0,0.0,0.0,0.0
458,5231,0.0,0.0,0.0,0.0,0.0
459,5232,0.0,0.0,0.0,0.0,0.0
460,5233,0.0,0.0,0.0,0.0,0.0
713,7020,,,,,
714,5184,,,,,
461,5234,0.0,0.0,0.0,0.0,0.0
462,5236,0.0,0.0,0.0,0.0,0.0
463,5237,0.0,0.0,0.0,0.0,0.0
464,5238,0.0,0.0,0.0,0.0,0.0
465,5244,0.0,0.0,0.0,0.0,0.0
466,5246,0.0,0.0,0.0,0.0,0.0
467,5248,0.0,0.0,0.0,0.0,0.0
468,5249,0.0,0.0,0.0,0.0,0.0
469,5253,0.585,0.578,0.66,0.578,0.578
470,5254,0.0,0.0,0.0,0.0,0.0
471,5255,0.0,0.0,0.0,0.0,0.0
472,5256,3.2,1.5,1.5,1.5,1.5
473,5257,0.0,0.0,0.0,0.0,0.0
474,5259,0.0,0.0,0.0,0.0,0.0
475,5260,0.0,0.0,0.0,0.0,0.0
476,5261,0.0,0.0,0.0,0.0,0.0
477,5262,0.0,0.0,0.0,0.0,0.0
478,5264,0.0,0.0,0.0,0.0,0.0
479,5265,0.0,0.0,0.0,0.0,0.0
480,5266,0.0,0.0,0.0,0.0,0.0
481,5267,0.085,0.0,0.0,0.0,0.0
482,5268,0.0,0.0,0.0,0.0,0.0
483,5269,0.0,0.0,0.0,0.0,0.0
484,5270,0.0,0.0,0.0,0.0,0.0
485,5271,0.0,2.0,0.0,0.0,0.0
486,5272,0.0,0.0,0.0,0.0,0.0
487,5273,0.3,4.6,0.0,0.0,0.0
488,5274,0.0,0.0,0.0,0.0,0.0
489,5276,0.0,0.0,0.0,0.0,0.0
490,5277,0.0,0.0,0.0,0.0,0.0
491,5278,0.0,0.0,0.0,0.0,0.0
492,5279,0.0,0.0,0.0,0.0,0.0
493,5281,0.0,0.0,0.0,0.0,0.0
494,5284,0.0,0.0,0.0,0.0,0.0
495,5285,0.0435,0.0,0.0,0.0,0.0
496,5286,0.0,1.4,0.0,0.0,0.0
497,5287,0.0,0.0,0.0,0.0,0.0
498,5288,0.0,0.0,0.0,0.0,0.0
499,5289,0.0,0.0,0.0,0.0,0.0
500,5290,0.0,0.0,0.0,0.0,0.0
501,5291,0.0,0.0,0.0,0.0,0.0
502,5293,0.0,0.0,0.0,0.0,0.0
503,5294,0.0195,0.0,0.0,0.0,0.0
504,5296,0.0,0.5,0.0,0.0,0.0
505,5298,0.0,0.0,0.0,0.0,0.0
506,5299,0.0,0.0,0.0,0.0,0.0
507,5300,0.0,0.0,0.0,0.0,0.0
508,5301,0.0,0.0,0.0,0.0,0.0
509,5302,0.0,0.0,0.0,0.0,0.0
510,5303,0.0,0.0,0.0,0.0,0.0
511,5304,0.0,0.0,0.0,0.0,0.0
512,5306,0.0,0.0,0.0,0.0,0.0
513,5307,0.0,0.0,0.39,0.0,0.0
514,5309,0.0,0.0,0.0,0.0,0.0
515,5310,0.0,0.0,0.0,0.0,0.0
516,5311,0.0,0.0,0.0,0.0,0.0
517,5312,0.0,0.0,0.0,0.0,0.0
518,5313,0.0,0.0,0.0,0.0,0.0
519,5314,0.0,0.0,0.0,0.0,0.0
520,5315,0.0,0.0,0.0,0.0,0.0
521,5316,0.0,0.0,0.0,0.0,0.0
522,5318,0.0,0.0,0.0,0.0,0.0
523,5319,0.0,0.0,2.64,0.0,0.0
524,5320,0.0,0.0,0.0,0.0,0.0
525,5323,0.0,0.0,0.0,0.0,0.0
526,5324,0.0,0.0,0.0,0.0,0.0
527,5326,0.0,0.0,0.0,0.0,0.0
528,7000,2.2,2.2,2.2,2.2,2.2
529,7101,2.78,2.86,2.95,3.04,3.13
530,7102,1.6892,1.723,1.7575,1.7926,1.8285
531,7103,0.3,0.3,0.3,0.3,0.3
532,7104,0.1,0.1,0.1,0.1,0.1
533,7105,0.1,0.1,0.1,0.1,0.1
534,7106,0.1,0.1,0.1,0.1,0.1
535,7107,2.0,2.0,2.0,2.0,2.0
536,7108,0.5,0.5,0.5,0.5,0.5
537,7109,1.0,1.0,1.0,1.0,1.0
538,7150,1.0,2.7,2.7,2.7,2.7
539,7151,0.37,8.5,9.5,9.5,10.0
540,7201,8.0,8.0,8.0,8.0,8.0
541,7202,9.3,9.3,9.3,9.3,8.3217
542,7203,0.1,0.1,0.1,0.1,0.1
543,7301,2.0,2.0,2.0,2.0,2.0
544,7302,0.25,0.25,0.25,0.25,0.25
545,7303,0.25,0.25,0.25,0.25,0.25
546,7304,1.0,1.0,1.0,1.0,1.0
547,7305,3.7,3.72,3.74,3.76,3.78
548,7401,2.0,2.0,2.0,2.0,2.0
549,7402,1.5,1.8,1.8,1.8,1.8
550,7403,1.9,3.1,1.1,1.9,0.9
551,7404,0.5,0.25,0.25,0.25,0.25
552,7501,12.0,14.0,14.0,15.0,15.0
553,7502,5.383,6.0304,6.1812,6.3357,6.4941
554,7503,18.3961,20.0382,22.5284,30.1699,33.5137
555,7504,0.6,0.6,0.6,0.6,0.6
556,7505,3.5,3.5,3.5,3.5,3.5
557,7506,2.0,2.0,2.0,2.0,2.0
558,7507,0.5,0.5,0.5,0.5,0.5
559,7601,1.25,1.25,1.25,1.25,1.25
560,7602,0.75,0.75,0.75,0.75,0.75
561,7603,1.0,1.0,1.0,1.0,1.0
562,7604,1.6,1.6,1.6,1.6,1.6
563,7605,6.6,6.6,6.6,6.6,6.6
564,7606,0.4,0.4,0.4,0.4,0.4
565,7607,0.46,0.46,0.46,0.46,0.46
566,7608,2.9,2.9,2.9,2.9,2.9
567,7609,6.0,6.0,6.0,6.0,6.0
568,7610,0.14,0.14,0.14,0.14,0.14
569,7611,0.09,0.09,0.09,0.09,0.09
570,7612,0.4,0.4,0.4,0.4,0.4
571,7613,3.1392,0.624,0.5807,0.099,0.0
572,7614,0.0,0.0,0.0,0.0,0.0
573,7615,-9.0,-9.0,-9.0,-9.0,-9.0
574,7701,41.8833,37.8443,37.2076,31.9774,28.5158
575,7702,59.1415,59.1392,59.1415,59.1435,52.1405
576,7703,6.9,6.9,6.9,6.9,6.9
577,7801,0.4,0.4,0.4,0.4,0.4
578,7802,2.2,2.2,2.2,2.2,2.2
579,7803,2.1,2.1,2.1,2.1,2.1
580,7804,2.4,2.4,2.4,2.4,2.4
581,7805,0.12,0.12,0.12,0.12,0.12
582,7806,0.6,0.6,0.6,0.6,0.6
583,7807,0.12,0.12,0.12,0.12,0.12
584,7808,3.5639,3.5999,3.4977,3.5,3.2447
585,7809,0.13,0.13,0.13,0.13,0.13
586,7810,1.3378,1.3378,1.3378,1.3378,1.3378
587,7811,1.8,1.8,1.8,1.8,1.8
588,7901,0.35,0.45,0.45,0.45,0.45
589,7902,2.5,8.125,8.125,8.125,6.925
590,7903,1.0,1.0,1.0,1.0,1.0
591,7904,0.0,0.0,0.0,0.0,0.0
592,7905,0.0,2.5,0.0,0.0,0.0
593,7906,0.4,0.625,0.625,0.625,0.625
594,7907,0.0,2.0,0.0,0.0,0.0
595,8000,0.0,0.0,0.0,0.0,0.0
596,9001,0.0,0.0,0.0,0.0,0.0
597,9002,0.0,0.0,2.75,2.75,0.0
598,9003,1.44,2.16,2.16,1.44,0.0
599,9005,1.3,1.7,0.0,0.0,0.0
600,9007,1.5,0.0,0.0,0.0,0.0
601,9011,0.64,0.0,0.0,0.0,0.0
602,9012,0.0,0.0,1.6,0.0,0.0
603,9013,0.0,0.0,0.12,4.3,2.58
604,9201,9.4,9.3,12.1,7.3,0.0
605,9202,0.0,0.0,0.0,0.0,0.0
606,9203,0.0,0.0,0.0,0.0,0.0
607,9204,0.0,0.0,0.0,0.0,0.0
608,9205,0.0,0.0,0.0,0.0,0.0
609,9300,0.0,0.0,0.0,0.0,0.0
610,9301,1.0,0.0,3.5,0.0,2.95
611,9302,0.0,2.4,0.0,3.5,0.0
612,9303,0.0,2.25,0.0,3.5,0.0
613,9304,1.0,0.0,3.5,0.0,0.0
614,9305,1.0,0.0,2.65,0.0,3.5
615,9306,0.0,2.5,0.0,2.65,0.0
616,9307,1.2,2.5,0.0,0.0,1.5
617,9308,0.0,0.0,0.0,0.0,0.0
619,9501,0.0,0.0,0.0,0.0,0.0
620,9502,0.0,0.0,0.0,0.0,0.0
621,9503,0.0,0.0,0.0,0.0,0.0
622,9504,0.0,0.0,0.0,0.0,0.0
623,11001,3.0,3.0,3.0,3.0,3.0
624,11003,2.46,2.46,2.46,2.46,2.46
625,1356,0.0,0.0,0.0,0.0,0.0
626,9010,,,,,
627,1438,,,,,
628,1447,,,,,
629,5003,,,,,
630,5006,,,,,
631,5012,,,,,
632,5013,,,,,
633,5016,,,,,
634,5017,,,,,
635,5020,,,,,
636,5037,,,,,
637,5042,,,,,
638,5043,,,,,
639,5047,,,,,
640,5059,,,,,
641,5062,,,,,
642,5063,,,,,
643,5064,,,,,
644,5065,,,,,
645,5066,,,,,
646,5068,,,,,
647,5073,,,,,
648,5079,,,,,
649,5080,,,,,
650,5081,,,,,
651,5082,,,,,
652,5084,,,,,
653,5093,,,,,
654,5094,,,,,
655,5110,,,,,
656,5111,,,,,
657,5113,,,,,
658,5118,,,,,
659,5124,,,,,
660,5127,,,,,
661,5132,,,,,
662,5150,,,,,
663,5153,,,,,
664,5163,,,,,
665,5188,,,,,
666,5189,,,,,
667,5192,,,,,
668,5198,,,,,
669,5203,,,,,
670,5206,,,,,
671,5207,,,,,
672,5208,,,,,
673,5210,,,,,
674,5211,,,,,
675,5223,,,,,
676,5235,,,,,
677,5239,,,,,
678,5243,,,,,
679,5245,,,,,
680,5247,,,,,
681,5250,,,,,
682,5251,,,,,
683,5252,,,,,
684,5263,,,,,
685,5275,,,,,
686,5280,,,,,
688,5292,,,,,
689,5295,,,,,
690,5308,,,,,
691,9004,,,,,
692,9006,,,,,
693,9008,,,,,
694,9009,,,,,
695,9401,0.8312,0.7812,0.8312,0.7812,0.7812
696,9402,0.7188,0.7688,0.7688,0.7688,0.7188
697,9403,0.9875,0.9375,0.9875,0.9375,0.9375
698,9404,0.7812,0.8312,0.8312,0.8312,0.7812
699,9405,0.8312,0.7812,0.8312,0.7812,0.7812
700,9601,1.16,1.33,2.45,3.07,0.94
701,9602,1.36,1.16,0.79,1.91,0.0
702,9603,1.28,0.16,0.79,1.91,0.63
703,9604,0.6,0.04,0.08,0.64,0.31
704,9605,0.24,1.18,2.12,2.06,0.94
705,9607,0.6,0.22,0.22,2.4,0.0
706,9608,0.0,0.0,0.0,0.0,0.0
707,9609,0.21,3.6,0.12,0.12,0.63
708,9610,0.4,0.0,0.0,0.0,0.0
709,9611,0.31,0.37,0.1,1.04,0.31
710,9612,0.11,1.8,0.0,0.0,0.0
711,9613,0.6,0.04,0.04,0.6,0.0
712,9614,0.0,0.08,0.14,1.06,0.47
715,2002,,,,,
716,2006,,,,,
717,2007,,,,,
1,801,6.0,4.0,4.0,4.0,2.0
2,802,0.0,0.0,0.0,0.0,0.0
3,813,0.0,0.0,0.0,0.0,0.0
4,814,6.7357,6.7357,0.0,0.0,0.0
5,815,0.0,0.0,0.0,0.0,0.0
6,816,0.0,2.0062,7.29,6.29,0.0
7,817,0.0,0.0,0.0,0.0,0.0
8,818,0.0,0.0,0.0,0.0,0.0
9,819,0.0,0.0,0.0,0.0,0.0
10,820,0.0,1.8752,5.6887,4.6887,0.0
11,821,0.0,0.0,0.0,0.0,0.0
12,822,3.2484,3.2484,0.0,0.0,0.0
13,823,0.0,0.0,0.0,0.0,0.0
14,824,0.0,0.0,0.0,0.0,0.0
15,825,0.0,0.0,0.0,0.0,0.0
16,826,6.8963,4.8963,0.0,0.0,0.0
17,827,0.0,0.0,0.0,0.0,0.0
18,828,0.0,0.0,0.0,0.0,0.0
19,829,0.0,0.0,0.0,0.0,0.0
20,830,6.7385,0.0,0.0,0.0,0.0
21,831,0.0,0.0,1.2614,6.3993,10.9993
22,832,0.0,0.7886,5.626,5.626,0.0
23,833,0.0,0.0,0.0,0.0,0.0
24,834,0.0,3.344,9.7862,6.1862,0.0
25,835,5.5798,5.5798,0.0,0.0,0.0
26,836,0.0,0.0,6.1882,11.9462,23.3462
27,837,0.0,0.724,5.2658,3.2658,0.0
28,838,0.0,0.6654,5.3254,3.3254,0.0
29,841,0.0,0.0,0.0,0.0,0.0
30,842,4.2422,4.0807,0.0,0.0,0.0
31,843,9.6562,7.5521,0.0,0.0,0.0
32,844,0.0,0.0,0.0,1.5362,21.763
33,845,2.1044,3.5045,4.7046,1.0349,0.0
34,846,5.1073,12.449,4.1497,0.0,0.0
35,847,0.0,0.0,0.0,0.0,0.0
36,848,1.0661,3.6223,1.7074,0.0,0.0
37,849,0.0,0.0,0.0,0.0,0.0
38,850,7.2009,2.4003,0.0,0.0,0.0
39,851,0.0,0.0,1.25,2.95,5.15
40,852,0.0,0.0,0.0,0.0,1.5418
41,853,1.7061,1.5105,6.3193,1.8398,0.0
42,854,0.0,0.0,0.0,0.0,2.1426
43,855,1.6512,7.3142,9.0158,1.5674,0.0
44,856,0.0,0.0,0.0,0.0,0.0
45,857,0.0,0.0,0.0,0.0,0.0
46,858,1.2412,4.2069,8.8776,0.0,0.0
47,859,0.0,0.0,2.1862,4.3174,9.9267
48,860,0.0,0.0,0.0,0.0,5.0
49,861,0.0,0.9991,1.7064,1.4366,3.8211
50,862,0.0,0.0,0.0,0.0,0.0
51,863,0.0,0.0,0.0,0.0,0.0
52,864,0.0,0.0,0.0,0.0,0.0
53,865,0.0,0.0,0.0,0.0,0.0
54,866,0.0,0.0,0.0,0.0,0.0
55,867,,,0.0,0.0,0.0
56,868,0.0,0.0,0.0,0.0,0.0
57,869,0.0,0.0,0.0,0.0,0.0
58,870,0.0,0.0,0.0,0.0,0.0
59,871,0.0,0.0,0.0,0.0,0.0
60,872,0.0,0.0,0.0,0.0,0.0
61,873,0.0,0.0,0.0,0.0,0.0
62,874,0.0,0.0,0.0,0.0,0.0
63,875,0.0,0.0,0.0,0.0,0.0
64,876,0.0,0.0,0.0,0.0,0.0
65,877,0.0,0.0,0.0,0.0,0.0
66,878,0.0,0.0,0.0,0.0,0.0
67,879,10.0,3.0,0.0,0.0,0.0
68,880,0.0,0.0,0.0,0.0,0.0
69,881,0.0,0.0,0.0,0.0,0.0
70,883,0.0,0.0,0.0,0.0,0.0
71,884,0.0,0.0,0.0,0.0,0.0
72,885,0.0,0.0,0.0,0.0,0.0
73,886,0.0,0.0,0.0,0.0,0.0
74,887,0.0,0.0,0.0,0.0,0.0
75,888,0.0,0.0,0.0,0.0,0.0
76,889,0.0,0.0,0.0,0.0,0.0
77,890,0.0,0.0,0.0,0.0,0.0
78,891,0.0,0.0,0.0,0.0,0.0
79,892,0.0,0.0,0.0,0.0,0.0
80,893,0.0,0.0,0.0,0.0,0.0
81,894,0.0,0.0,0.0,0.0,0.0
82,895,0.0,0.0,,,
83,896,0.0,0.0,,,
84,897,0.0,0.0,,,
85,898,0.0,0.0,,,
86,899,0.0,0.0,,,
87,900,0.0,0.0,,,
88,901,0.0,0.0,,,
89,902,0.0,0.0,0.0,0.0,0.0
90,903,0.0,0.0,,,
91,904,0.0,0.0,,,
92,905,0.0,0.0,0.0,0.0,0.0
93,906,0.0,0.0,0.0,0.0,0.0
94,908,0.0,0.0,0.0,0.0,0.0
95,920,0.0,0.0,0.0,0.0,0.0
96,912,22.6,3.0,0.0,0.0,0.0
97,914,0.0,0.0,,,
98,915,0.0,0.0,,,
99,916,0.0,0.0,,,
100,917,0.0,0.0,,,
101,918,0.0,0.0,,,
102,921,0.0,0.0,0.0,0.0,0.0
103,922,0.0,0.0,0.0,0.0,0.0
104,907,,,,,
105,910,,,,,
106,911,,,,,
107,919,,,,,
108,9500,49.4,39.3,32.5,23.9,0.0
